information_gain,split_point,feature_idx,Num_trees,Num_features,Accuracy
0.10642677064248363,14.21,1,1,1,0.3488372093023256
0.11628963928284974,0.05,5,1,3,0.5116279069767442
0.08579206185964172,10.06,6,1,7,0.2558139534883721
0.21978372126055373,1.37,3,1,13,0.4186046511627907
0.21849161095356318,2.76,2,10,1,0.5116279069767442
0.3253113261935352,1.4,3,10,1,0.5116279069767442
0.09018661562742125,14.21,1,10,1,0.5116279069767442
0.10171158910720413,0.08,5,10,1,0.5116279069767442
0.08426925494930737,0.08,5,10,1,0.5116279069767442
0.16006095661444464,1.51711,0,10,1,0.5116279069767442
0.09642195401270148,0.0,5,10,1,0.5116279069767442
0.14907930377644385,1.51709,0,10,1,0.5116279069767442
0.08147702155214731,12.88,1,10,1,0.5116279069767442
0.17874637865644494,1.51711,0,10,1,0.5116279069767442
0.2697614489843255,3.34,2,10,3,0.5581395348837209
0.11791900134572575,0.0,5,10,3,0.5581395348837209
0.255829793400316,3.34,2,10,3,0.5581395348837209
0.09057708947126564,1.51709,0,10,3,0.5581395348837209
0.13402651686005607,1.51711,0,10,3,0.5581395348837209
0.3141352584440474,1.4,3,10,3,0.5581395348837209
0.264268145770827,1.38,3,10,3,0.5581395348837209
0.13605731238801136,0.64,5,10,3,0.5581395348837209
0.22226168601635798,2.85,2,10,3,0.5581395348837209
0.2521914627586306,3.25,2,10,3,0.5581395348837209
0.11502642909675154,8.34,6,10,7,0.32558139534883723
0.12415143502399395,1.51711,0,10,7,0.32558139534883723
0.08746657712148587,10.17,6,10,7,0.32558139534883723
0.2042220234370778,1.38,3,10,7,0.32558139534883723
0.09851744338376989,0.0,5,10,7,0.32558139534883723
0.30489127669527105,3.25,2,10,7,0.32558139534883723
0.21283364160153895,2.76,2,10,7,0.32558139534883723
0.11826952869086071,0.11,7,10,7,0.32558139534883723
0.2570488165120277,1.4,3,10,7,0.32558139534883723
0.13829745454099784,0.08,5,10,7,0.32558139534883723
0.30089408845713994,1.37,3,10,13,0.3488372093023256
0.208324392739479,1.51732,0,10,13,0.3488372093023256
0.21585947312511689,2.76,2,10,13,0.3488372093023256
0.16596047589852458,1.51709,0,10,13,0.3488372093023256
0.09579157564970442,14.36,1,10,13,0.3488372093023256
0.2211018673750489,3.34,2,10,13,0.3488372093023256
0.22844573713604144,2.76,2,10,13,0.3488372093023256
0.22954385845478287,3.44,2,10,13,0.3488372093023256
0.10353900084850343,1.5174299999999998,0,10,13,0.3488372093023256
0.22880945144647236,2.41,2,10,13,0.3488372093023256
0.09316963374503995,10.06,6,25,1,0.4883720930232558
0.19577483900866766,2.85,2,25,1,0.4883720930232558
0.18705600071238693,2.76,2,25,1,0.4883720930232558
0.21189166817474495,1.4,3,25,1,0.4883720930232558
0.17091783237531571,1.37,3,25,1,0.4883720930232558
0.1894824098925922,1.4,3,25,1,0.4883720930232558
0.2353911238501567,3.25,2,25,1,0.4883720930232558
0.1487130909261598,1.38,3,25,1,0.4883720930232558
0.23014963290294532,1.38,3,25,1,0.4883720930232558
0.07299559725439797,0.08,5,25,1,0.4883720930232558
0.256768708149824,3.41,2,25,1,0.4883720930232558
0.2089605636994779,1.4,3,25,1,0.4883720930232558
0.09408690426654609,0.0,5,25,1,0.4883720930232558
0.33900788654834196,1.4,3,25,1,0.4883720930232558
0.28802304260858247,3.2,2,25,1,0.4883720930232558
0.30556165609195746,1.37,3,25,1,0.4883720930232558
0.17347714053939267,1.51711,0,25,1,0.4883720930232558
0.152695574894527,1.51711,0,25,1,0.4883720930232558
0.18714835563274423,2.76,2,25,1,0.4883720930232558
0.2504448101781811,2.85,2,25,1,0.4883720930232558
0.24562834702461644,2.72,2,25,1,0.4883720930232558
0.10558564108533908,1.51732,0,25,1,0.4883720930232558
0.24493354838203907,2.76,2,25,1,0.4883720930232558
0.09590401098516776,1.51732,0,25,1,0.4883720930232558
0.25155515930619554,2.72,2,25,1,0.4883720930232558
0.2449130820494643,1.4,3,25,3,0.5581395348837209
0.24901697112808038,1.38,3,25,3,0.5581395348837209
0.17802422406512652,1.51709,0,25,3,0.5581395348837209
0.1658353249860296,1.51711,0,25,3,0.5581395348837209
0.16064991721363475,1.51709,0,25,3,0.5581395348837209
0.11740622998833883,0.08,5,25,3,0.5581395348837209
0.2637071958356787,1.4,3,25,3,0.5581395348837209
0.1632592761622862,1.51711,0,25,3,0.5581395348837209
0.06750496670172368,14.36,1,25,3,0.5581395348837209
0.1424268495712584,10.06,6,25,3,0.5581395348837209
0.06093734670744222,14.36,1,25,3,0.5581395348837209
0.2279364613646241,2.72,2,25,3,0.5581395348837209
0.037458297753850345,10.17,6,25,3,0.5581395348837209
0.07312808394814363,10.06,6,25,3,0.5581395348837209
0.09151208218496465,1.51711,0,25,3,0.5581395348837209
0.1607801048175699,1.37,3,25,3,0.5581395348837209
0.2584717061802315,3.33,2,25,3,0.5581395348837209
0.25625612115047447,3.41,2,25,3,0.5581395348837209
0.20813275945868104,2.72,2,25,3,0.5581395348837209
0.3269203909068033,1.4,3,25,3,0.5581395348837209
0.24061266612444,1.38,3,25,3,0.5581395348837209
0.12115987083178781,1.5173,0,25,3,0.5581395348837209
0.24434383299140283,2.76,2,25,3,0.5581395348837209
0.21586979880484436,3.34,2,25,3,0.5581395348837209
0.18201960951635954,3.2,2,25,3,0.5581395348837209
0.10735706514063492,0.05,5,25,7,0.4186046511627907
0.238978040697837,1.49,3,25,7,0.4186046511627907
0.19371917762954488,1.38,3,25,7,0.4186046511627907
0.25454124201161304,1.4,3,25,7,0.4186046511627907
0.1445425262266572,0.08,5,25,7,0.4186046511627907
0.2080901654024213,2.85,2,25,7,0.4186046511627907
0.11887597830201613,0.0,5,25,7,0.4186046511627907
0.3686675309084645,1.38,3,25,7,0.4186046511627907
0.3734909154727889,1.4,3,25,7,0.4186046511627907
0.2565625869753714,1.4,3,25,7,0.4186046511627907
0.07156578351690224,10.17,6,25,7,0.4186046511627907
0.2656555997889578,1.38,3,25,7,0.4186046511627907
0.3008746188890109,3.2,2,25,7,0.4186046511627907
0.09500258052114186,0.08,5,25,7,0.4186046511627907
0.22327588211139748,2.76,2,25,7,0.4186046511627907
0.15378530767138987,1.51711,0,25,7,0.4186046511627907
0.25697438187387023,1.38,3,25,7,0.4186046511627907
0.09100737329086203,0.09,7,25,7,0.4186046511627907
0.25606438585015456,3.44,2,25,7,0.4186046511627907
0.09851744338376989,10.17,6,25,7,0.4186046511627907
0.337174458220552,1.4,3,25,7,0.4186046511627907
0.12144427381149547,14.21,1,25,7,0.4186046511627907
0.07078983790021984,0.11,7,25,7,0.4186046511627907
0.09408690426654609,10.17,6,25,7,0.4186046511627907
0.06088219516164661,10.17,6,25,7,0.4186046511627907
0.08313797646734122,14.21,1,25,13,0.27906976744186046
0.2054726661601572,1.38,3,25,13,0.27906976744186046
0.18752770597988241,1.4,3,25,13,0.27906976744186046
0.12088627172801081,0.65,5,25,13,0.27906976744186046
0.11227298701907973,1.51709,0,25,13,0.27906976744186046
0.23791604398347235,1.38,3,25,13,0.27906976744186046
0.14613770857555197,1.51709,0,25,13,0.27906976744186046
0.20967661635814616,1.51709,0,25,13,0.27906976744186046
0.09045582628413307,1.51711,0,25,13,0.27906976744186046
0.07227246397800291,10.06,6,25,13,0.27906976744186046
0.19227179786542514,3.25,2,25,13,0.27906976744186046
0.25439074071794987,2.76,2,25,13,0.27906976744186046
0.12548103296138124,0.64,5,25,13,0.27906976744186046
0.07676472612859475,0.11,7,25,13,0.27906976744186046
0.23743809531300164,3.41,2,25,13,0.27906976744186046
0.17606206260530496,1.37,3,25,13,0.27906976744186046
0.26143014606181136,1.4,3,25,13,0.27906976744186046
0.10145196312629945,8.15,6,25,13,0.27906976744186046
0.31624821527211977,3.25,2,25,13,0.27906976744186046
0.09579157564970442,14.21,1,25,13,0.27906976744186046
0.25872419151583714,1.4,3,25,13,0.27906976744186046
0.37137972583598833,1.4,3,25,13,0.27906976744186046
0.1552911297207229,2.76,2,25,13,0.27906976744186046
0.26374123358980484,1.4,3,25,13,0.27906976744186046
0.11791900134572575,0.0,5,25,13,0.27906976744186046
0.08520413711440611,0.0,5,50,1,0.46511627906976744
0.16110806727047733,1.5173,0,50,1,0.46511627906976744
0.1532124697230477,1.51711,0,50,1,0.46511627906976744
0.09564011343339418,1.51709,0,50,1,0.46511627906976744
0.16713527679247475,1.51732,0,50,1,0.46511627906976744
0.18709195612966995,1.37,3,50,1,0.46511627906976744
0.20472569585297087,1.38,3,50,1,0.46511627906976744
0.1321205206402981,0.08,5,50,1,0.46511627906976744
0.2705926485252399,1.4,3,50,1,0.46511627906976744
0.12695139104985875,13.99,1,50,1,0.46511627906976744
0.10229486074993635,13.99,1,50,1,0.46511627906976744
0.11671012660196459,13.99,1,50,1,0.46511627906976744
0.2758607030383631,2.68,2,50,1,0.46511627906976744
0.27419275980270924,1.4,3,50,1,0.46511627906976744
0.28850384989727285,3.25,2,50,1,0.46511627906976744
0.31792949195579334,1.4,3,50,1,0.46511627906976744
0.29291866945798195,1.38,3,50,1,0.46511627906976744
0.2662090810048461,3.41,2,50,1,0.46511627906976744
0.29811457212581893,1.4,3,50,1,0.46511627906976744
0.21254660661387823,1.4,3,50,1,0.46511627906976744
0.2950493030863165,3.41,2,50,1,0.46511627906976744
0.07381416780415395,0.09,7,50,1,0.46511627906976744
0.10284827797074902,10.17,6,50,1,0.46511627906976744
0.301975246501939,1.4,3,50,1,0.46511627906976744
0.23940245925269832,1.4,3,50,1,0.46511627906976744
0.24360591887604008,1.4,3,50,1,0.46511627906976744
0.21611658288626878,1.4,3,50,1,0.46511627906976744
0.33832126189404826,1.4,3,50,1,0.46511627906976744
0.18386710931355776,1.51711,0,50,1,0.46511627906976744
0.12620303193295335,0.05,5,50,1,0.46511627906976744
0.26000385712061036,1.38,3,50,1,0.46511627906976744
0.12178461034277754,0.04,5,50,1,0.46511627906976744
0.22284126937740567,3.25,2,50,1,0.46511627906976744
0.10776182266858125,0.08,5,50,1,0.46511627906976744
0.2356099637745398,1.4,3,50,1,0.46511627906976744
0.262355559633927,2.76,2,50,1,0.46511627906976744
0.05687957999756488,0.0,5,50,1,0.46511627906976744
0.09419266215318944,14.36,1,50,1,0.46511627906976744
0.04181136067907154,73.39,4,50,1,0.46511627906976744
0.10743308198261003,0.0,5,50,1,0.46511627906976744
0.088571379433524,0.08,5,50,1,0.46511627906976744
0.06536076335728436,14.36,1,50,1,0.46511627906976744
0.05196105855403932,72.36,4,50,1,0.46511627906976744
0.3536341438340831,1.4,3,50,1,0.46511627906976744
0.1837335342910835,1.4,3,50,1,0.46511627906976744
0.08604405015032046,10.06,6,50,1,0.46511627906976744
0.12466658064580594,0.0,5,50,1,0.46511627906976744
0.26539258693527057,1.38,3,50,1,0.46511627906976744
0.2295465587075991,1.4,3,50,1,0.46511627906976744
0.24833861194567564,3.34,2,50,1,0.46511627906976744
0.2708720473628408,1.38,3,50,3,0.5581395348837209
0.07998575185719081,0.08,5,50,3,0.5581395348837209
0.19720652140572514,1.4,3,50,3,0.5581395348837209
0.12473074730458134,1.51709,0,50,3,0.5581395348837209
0.25751445212291,1.54,3,50,3,0.5581395348837209
0.09123194874140861,10.17,6,50,3,0.5581395348837209
0.09087359091446623,1.51711,0,50,3,0.5581395348837209
0.2776956824144051,1.4,3,50,3,0.5581395348837209
0.21324598213981671,3.41,2,50,3,0.5581395348837209
0.06341421108063461,0.69,7,50,3,0.5581395348837209
0.2835257253015232,1.36,3,50,3,0.5581395348837209
0.1801006067830015,1.38,3,50,3,0.5581395348837209
0.18146282411266204,1.56,3,50,3,0.5581395348837209
0.21882773647568,3.25,2,50,3,0.5581395348837209
0.1046544278737721,14.21,1,50,3,0.5581395348837209
0.24468030064781765,3.25,2,50,3,0.5581395348837209
0.17284271122000905,1.51711,0,50,3,0.5581395348837209
0.3233879196149606,3.34,2,50,3,0.5581395348837209
0.15748669314323818,1.4,3,50,3,0.5581395348837209
0.07947320700388705,1.51709,0,50,3,0.5581395348837209
0.08195853122275498,0.65,5,50,3,0.5581395348837209
0.08579206185964172,0.0,5,50,3,0.5581395348837209
0.25981666664990954,3.41,2,50,3,0.5581395348837209
0.17054244960663778,2.85,2,50,3,0.5581395348837209
0.2193518652456481,1.4,3,50,3,0.5581395348837209
0.30096217899797717,1.49,3,50,3,0.5581395348837209
0.17821350652543452,1.4,3,50,3,0.5581395348837209
0.1764511285698731,3.45,2,50,3,0.5581395348837209
0.11633456495419181,0.11,7,50,3,0.5581395348837209
0.21820784643351476,1.5169,0,50,3,0.5581395348837209
0.23708708699068037,3.25,2,50,3,0.5581395348837209
0.14953951975833735,0.08,5,50,3,0.5581395348837209
0.21596634351283028,3.41,2,50,3,0.5581395348837209
0.20050725878776032,1.4,3,50,3,0.5581395348837209
0.043853994083288494,8.39,6,50,3,0.5581395348837209
0.09123194874140861,10.17,6,50,3,0.5581395348837209
0.1414742384762302,1.51709,0,50,3,0.5581395348837209
0.1778632419478089,2.76,2,50,3,0.5581395348837209
0.28932687453249956,1.4,3,50,3,0.5581395348837209
0.21502060940855308,1.38,3,50,3,0.5581395348837209
0.23509159826737502,3.41,2,50,3,0.5581395348837209
0.09964436457017789,1.51709,0,50,3,0.5581395348837209
0.22592688906583777,1.37,3,50,3,0.5581395348837209
0.24700485926848445,1.4,3,50,3,0.5581395348837209
0.2665135856431079,2.85,2,50,3,0.5581395348837209
0.21573349640766437,2.72,2,50,3,0.5581395348837209
0.19535835166790128,1.49,3,50,3,0.5581395348837209
0.10260711847829873,1.51711,0,50,3,0.5581395348837209
0.09542208953575981,0.0,5,50,3,0.5581395348837209
0.12403781569602346,0.09,7,50,3,0.5581395348837209
0.26737110636041506,1.38,3,50,7,0.32558139534883723
0.19026149770205925,1.51732,0,50,7,0.32558139534883723
0.34026752933266335,1.38,3,50,7,0.32558139534883723
0.14567590287362664,1.51711,0,50,7,0.32558139534883723
0.2004801768017833,1.38,3,50,7,0.32558139534883723
0.3594887437689288,1.4,3,50,7,0.32558139534883723
0.16832852285924815,2.85,2,50,7,0.32558139534883723
0.08095296218689074,10.17,6,50,7,0.32558139534883723
0.27071432439528054,3.44,2,50,7,0.32558139534883723
0.22741346948821817,1.4,3,50,7,0.32558139534883723
0.22844573713604144,3.34,2,50,7,0.32558139534883723
0.11567977342628055,0.0,5,50,7,0.32558139534883723
0.23455593268186048,2.85,2,50,7,0.32558139534883723
0.27094783133629696,1.4,3,50,7,0.32558139534883723
0.2807160097568073,1.4,3,50,7,0.32558139534883723
0.22771618590314077,1.4,3,50,7,0.32558139534883723
0.29019110917181784,1.38,3,50,7,0.32558139534883723
0.09162553193798517,0.0,5,50,7,0.32558139534883723
0.12614395172367387,1.51711,0,50,7,0.32558139534883723
0.10735706514063492,10.17,6,50,7,0.32558139534883723
0.08071266713612658,0.11,7,50,7,0.32558139534883723
0.2342035630769913,2.76,2,50,7,0.32558139534883723
0.2267977097712367,1.38,3,50,7,0.32558139534883723
0.33185896544872223,1.4,3,50,7,0.32558139534883723
0.1256440338675312,0.08,5,50,7,0.32558139534883723
0.3102556553173217,1.37,3,50,7,0.32558139534883723
0.2428905716532191,1.38,3,50,7,0.32558139534883723
0.21312088173710464,2.85,2,50,7,0.32558139534883723
0.24178467322314726,1.38,3,50,7,0.32558139534883723
0.10705710142099834,1.51711,0,50,7,0.32558139534883723
0.12290066868060723,1.51711,0,50,7,0.32558139534883723
0.11740622998833883,0.08,5,50,7,0.32558139534883723
0.25031518246368456,1.4,3,50,7,0.32558139534883723
0.1627969189223667,3.4,2,50,7,0.32558139534883723
0.160640414592626,1.51711,0,50,7,0.32558139534883723
0.08426925494930737,14.36,1,50,7,0.32558139534883723
0.2409595149999233,3.34,2,50,7,0.32558139534883723
0.24156251556292413,1.4,3,50,7,0.32558139534883723
0.3106639208497518,1.4,3,50,7,0.32558139534883723
0.26347573920533696,2.68,2,50,7,0.32558139534883723
0.28273863425989576,1.36,3,50,7,0.32558139534883723
0.0994883903427044,0.0,5,50,7,0.32558139534883723
0.06971066768585887,0.11,7,50,7,0.32558139534883723
0.31293264703775253,1.4,3,50,7,0.32558139534883723
0.25305945898241555,1.37,3,50,7,0.32558139534883723
0.14727403561778152,0.05,5,50,7,0.32558139534883723
0.24431423763051052,3.34,2,50,7,0.32558139534883723
0.07209118014532961,0.0,7,50,7,0.32558139534883723
0.07619867058597174,14.36,1,50,7,0.32558139534883723
0.24537575614723817,2.68,2,50,7,0.32558139534883723
0.07717902394266174,10.06,6,50,13,0.23255813953488372
0.13378648024049444,1.51711,0,50,13,0.23255813953488372
0.1980446310214914,2.76,2,50,13,0.23255813953488372
0.22356558834020102,2.85,2,50,13,0.23255813953488372
0.08053143034713306,10.17,6,50,13,0.23255813953488372
0.10068422332470561,0.05,5,50,13,0.23255813953488372
0.09600986149829205,0.0,5,50,13,0.23255813953488372
0.07745686497897825,0.0,7,50,13,0.23255813953488372
0.07525992182389084,13.89,1,50,13,0.23255813953488372
0.09127311475330491,0.0,5,50,13,0.23255813953488372
0.25482554822451076,3.41,2,50,13,0.23255813953488372
0.06341421108063461,73.29,4,50,13,0.23255813953488372
0.2265097430764167,2.72,2,50,13,0.23255813953488372
0.21514264193991062,1.4,3,50,13,0.23255813953488372
0.15216013880996282,1.51711,0,50,13,0.23255813953488372
0.11349727353701347,0.0,7,50,13,0.23255813953488372
0.2782241050425849,3.41,2,50,13,0.23255813953488372
0.11492315836746403,0.11,7,50,13,0.23255813953488372
0.23965994179713315,1.4,3,50,13,0.23255813953488372
0.09529146589518966,1.51732,0,50,13,0.23255813953488372
0.24019702868611859,3.41,2,50,13,0.23255813953488372
0.2112367980175175,2.76,2,50,13,0.23255813953488372
0.2476255612508531,1.36,3,50,13,0.23255813953488372
0.12892419424210022,0.08,5,50,13,0.23255813953488372
0.08415219901196491,10.17,6,50,13,0.23255813953488372
0.23537699070240023,1.4,3,50,13,0.23255813953488372
0.3020017606954335,1.4,3,50,13,0.23255813953488372
0.06452579356698351,8.33,6,50,13,0.23255813953488372
0.10815547312174018,14.21,1,50,13,0.23255813953488372
0.23750980612237593,2.76,2,50,13,0.23255813953488372
0.2367282730593627,1.4,3,50,13,0.23255813953488372
0.06222405990004407,0.11,7,50,13,0.23255813953488372
0.12353057559094427,0.64,5,50,13,0.23255813953488372
0.0938023250498875,14.36,1,50,13,0.23255813953488372
0.29693973650036465,1.4,3,50,13,0.23255813953488372
0.3111486790944321,3.25,2,50,13,0.23255813953488372
0.08120162766795125,14.36,1,50,13,0.23255813953488372
0.12450160058961013,0.11,7,50,13,0.23255813953488372
0.276665375574182,3.25,2,50,13,0.23255813953488372
0.09123194874140861,73.29,4,50,13,0.23255813953488372
0.24932607539690255,2.76,2,50,13,0.23255813953488372
0.25436998239554054,1.38,3,50,13,0.23255813953488372
0.25214560334238445,1.38,3,50,13,0.23255813953488372
0.2070487384400874,1.38,3,50,13,0.23255813953488372
0.32665936472184337,1.4,3,50,13,0.23255813953488372
0.20217945664827164,3.45,2,50,13,0.23255813953488372
0.24688881571057053,2.76,2,50,13,0.23255813953488372
0.24158132885365358,3.41,2,50,13,0.23255813953488372
0.12326831799472293,0.09,7,50,13,0.23255813953488372
0.2808608148991413,3.25,2,50,13,0.23255813953488372
0.13519469246316174,1.51711,0,75,1,0.4418604651162791
0.26885946621913814,3.34,2,75,1,0.4418604651162791
0.217260223168244,3.41,2,75,1,0.4418604651162791
0.2968402674644625,1.4,3,75,1,0.4418604651162791
0.27018569905178574,1.4,3,75,1,0.4418604651162791
0.13617719579827825,1.51709,0,75,1,0.4418604651162791
0.3211654127688025,1.38,3,75,1,0.4418604651162791
0.26017553463496035,1.38,3,75,1,0.4418604651162791
0.27683754161363516,3.34,2,75,1,0.4418604651162791
0.10886609427836824,0.11,7,75,1,0.4418604651162791
0.08313797646734122,10.17,6,75,1,0.4418604651162791
0.1768189061617833,3.34,2,75,1,0.4418604651162791
0.08413118522256535,0.05,5,75,1,0.4418604651162791
0.16619158706582515,0.08,5,75,1,0.4418604651162791
0.12144427381149547,0.08,5,75,1,0.4418604651162791
0.12427033099170282,1.51711,0,75,1,0.4418604651162791
0.2887318872974889,3.34,2,75,1,0.4418604651162791
0.11195227884609138,1.51711,0,75,1,0.4418604651162791
0.23743809531300164,1.51709,0,75,1,0.4418604651162791
0.2642603670492182,3.34,2,75,1,0.4418604651162791
0.038067426923924175,72.08,4,75,1,0.4418604651162791
0.12051791016270763,1.51732,0,75,1,0.4418604651162791
0.20969024227217622,1.38,3,75,1,0.4418604651162791
0.08732444552788021,0.05,5,75,1,0.4418604651162791
0.10886609427836824,0.0,5,75,1,0.4418604651162791
0.25607442007454273,3.34,2,75,1,0.4418604651162791
0.2400787304576507,2.09,2,75,1,0.4418604651162791
0.07804241798801093,0.0,7,75,1,0.4418604651162791
0.14040776911460062,1.51711,0,75,1,0.4418604651162791
0.21809415135212595,1.4,3,75,1,0.4418604651162791
0.058161405476559014,12.35,1,75,1,0.4418604651162791
0.22042867438443406,1.4,3,75,1,0.4418604651162791
0.1005847896975196,0.09,7,75,1,0.4418604651162791
0.22055874519513607,1.51711,0,75,1,0.4418604651162791
0.08064977901203463,1.51732,0,75,1,0.4418604651162791
0.13155534187001294,1.51711,0,75,1,0.4418604651162791
0.22509462818432985,1.4,3,75,1,0.4418604651162791
0.0738921336275965,10.06,6,75,1,0.4418604651162791
0.1199619269015717,0.08,5,75,1,0.4418604651162791
0.08884448818800542,14.04,1,75,1,0.4418604651162791
0.26347573920533696,2.76,2,75,1,0.4418604651162791
0.07618445480954561,14.36,1,75,1,0.4418604651162791
0.2910329185860069,1.4,3,75,1,0.4418604651162791
0.20245603116193656,3.41,2,75,1,0.4418604651162791
0.25108788197509574,1.4,3,75,1,0.4418604651162791
0.269827825305501,2.72,2,75,1,0.4418604651162791
0.06760148376495945,10.06,6,75,1,0.4418604651162791
0.18417537903772518,2.76,2,75,1,0.4418604651162791
0.176062062605305,3.45,2,75,1,0.4418604651162791
0.23635395520142322,3.41,2,75,1,0.4418604651162791
0.09841630095276852,0.64,5,75,1,0.4418604651162791
0.21489359300005084,3.25,2,75,1,0.4418604651162791
0.22226168601635787,3.34,2,75,1,0.4418604651162791
0.13051976055525039,0.08,5,75,1,0.4418604651162791
0.2508166130837093,2.85,2,75,1,0.4418604651162791
0.0744114464848823,10.17,6,75,1,0.4418604651162791
0.04359637850510212,71.99,4,75,1,0.4418604651162791
0.19769008882274153,2.72,2,75,1,0.4418604651162791
0.12045845808338451,0.05,5,75,1,0.4418604651162791
0.1980373530569151,1.4,3,75,1,0.4418604651162791
0.24932607539690255,2.72,2,75,1,0.4418604651162791
0.16521249642928415,0.08,5,75,1,0.4418604651162791
0.2283483896336702,1.4,3,75,1,0.4418604651162791
0.2400787304576507,2.76,2,75,1,0.4418604651162791
0.2831231410596856,3.4,2,75,1,0.4418604651162791
0.33583591125712425,1.4,3,75,1,0.4418604651162791
0.26310933750678345,3.25,2,75,1,0.4418604651162791
0.22880945144647236,2.72,2,75,1,0.4418604651162791
0.11672889707960765,0.0,5,75,1,0.4418604651162791
0.10642677064248363,0.0,5,75,1,0.4418604651162791
0.06596127817522379,10.17,6,75,1,0.4418604651162791
0.12434489071368826,1.51711,0,75,1,0.4418604651162791
0.0944065776391824,0.09,7,75,1,0.4418604651162791
0.07081545642939735,12.64,1,75,1,0.4418604651162791
0.22225659823821609,3.41,2,75,1,0.4418604651162791
0.26570813567114343,1.4,3,75,3,0.5581395348837209
0.07046265966608478,14.36,1,75,3,0.5581395348837209
0.25043864945955296,3.34,2,75,3,0.5581395348837209
0.2802579200649703,3.45,2,75,3,0.5581395348837209
0.08978432078093912,0.0,7,75,3,0.5581395348837209
0.11952422538151009,0.0,7,75,3,0.5581395348837209
0.17019574769930124,1.5173,0,75,3,0.5581395348837209
0.2279364613646241,2.85,2,75,3,0.5581395348837209
0.12891477089395864,0.04,5,75,3,0.5581395348837209
0.24568629422230404,1.38,3,75,3,0.5581395348837209
0.10585717381492499,14.04,1,75,3,0.5581395348837209
0.3274167545714164,1.4,3,75,3,0.5581395348837209
0.23455593268186048,2.76,2,75,3,0.5581395348837209
0.12262667566554653,2.72,2,75,3,0.5581395348837209
0.11426699733182122,1.51711,0,75,3,0.5581395348837209
0.301509048910482,3.41,2,75,3,0.5581395348837209
0.16134338799697778,1.51732,0,75,3,0.5581395348837209
0.13999638233664913,1.51711,0,75,3,0.5581395348837209
0.22797433927216149,3.41,2,75,3,0.5581395348837209
0.2732055905934619,1.4,3,75,3,0.5581395348837209
0.2290276584032932,2.85,2,75,3,0.5581395348837209
0.09926795235831554,0.08,5,75,3,0.5581395348837209
0.2560273944756265,2.76,2,75,3,0.5581395348837209
0.19804463102149128,2.76,2,75,3,0.5581395348837209
0.16101702538247453,1.51711,0,75,3,0.5581395348837209
0.16540869640565448,1.38,3,75,3,0.5581395348837209
0.1403322355636597,0.08,5,75,3,0.5581395348837209
0.264268145770827,1.4,3,75,3,0.5581395348837209
0.08195853122275498,10.06,6,75,3,0.5581395348837209
0.10162037781950783,0.0,5,75,3,0.5581395348837209
0.1897077879168312,1.38,3,75,3,0.5581395348837209
0.2273345783098436,1.4,3,75,3,0.5581395348837209
0.2593591092435691,1.4,3,75,3,0.5581395348837209
0.1674286610264728,1.69,3,75,3,0.5581395348837209
0.23835378005232855,3.34,2,75,3,0.5581395348837209
0.09851744338376989,10.17,6,75,3,0.5581395348837209
0.22880945144647236,2.39,2,75,3,0.5581395348837209
0.22144425283298766,1.4,3,75,3,0.5581395348837209
0.07301646879917456,14.21,1,75,3,0.5581395348837209
0.07676472612859475,7.99,6,75,3,0.5581395348837209
0.16389589367229407,1.69,3,75,3,0.5581395348837209
0.13744464164542924,1.51711,0,75,3,0.5581395348837209
0.20355942772359562,1.38,3,75,3,0.5581395348837209
0.2692503621065294,3.41,2,75,3,0.5581395348837209
0.293218814291214,1.37,3,75,3,0.5581395348837209
0.08710274884117197,0.08,5,75,3,0.5581395348837209
0.1040116919570031,0.0,7,75,3,0.5581395348837209
0.3074838606376724,1.4,3,75,3,0.5581395348837209
0.21599487690572505,3.2,2,75,3,0.5581395348837209
0.18452548581079864,3.25,2,75,3,0.5581395348837209
0.12548103296138124,0.11,7,75,3,0.5581395348837209
0.04028583133725727,71.15,4,75,3,0.5581395348837209
0.07552755021948732,10.17,6,75,3,0.5581395348837209
0.21514264193991062,1.37,3,75,3,0.5581395348837209
0.33102982942620574,1.4,3,75,3,0.5581395348837209
0.3686675309084645,3.41,2,75,3,0.5581395348837209
0.07282868040397128,0.0,5,75,3,0.5581395348837209
0.12628653254563382,1.5173,0,75,3,0.5581395348837209
0.24901697112808038,1.4,3,75,3,0.5581395348837209
0.24015209497444934,2.76,2,75,3,0.5581395348837209
0.08109531332777209,0.0,5,75,3,0.5581395348837209
0.10071241742249226,0.08,5,75,3,0.5581395348837209
0.09656804259374693,0.11,7,75,3,0.5581395348837209
0.22880945144647236,2.76,2,75,3,0.5581395348837209
0.20756070364625123,2.76,2,75,3,0.5581395348837209
0.08281721099032868,8.34,6,75,3,0.5581395348837209
0.1354894088974512,1.51732,0,75,3,0.5581395348837209
0.27006263499505423,3.25,2,75,3,0.5581395348837209
0.2235655883402009,2.72,2,75,3,0.5581395348837209
0.07666689670449356,10.17,6,75,3,0.5581395348837209
0.2264809003885374,2.72,2,75,3,0.5581395348837209
0.10395052430879437,0.08,5,75,3,0.5581395348837209
0.3429353753570711,3.34,2,75,3,0.5581395348837209
0.28850384989727285,2.72,2,75,3,0.5581395348837209
0.20466744062873155,3.41,2,75,3,0.5581395348837209
0.0999928774908182,14.04,1,75,7,0.32558139534883723
0.23077009112072877,1.51709,0,75,7,0.32558139534883723
0.16720278976258085,1.51711,0,75,7,0.32558139534883723
0.10771622624565313,1.51711,0,75,7,0.32558139534883723
0.13962515509620632,1.51732,0,75,7,0.32558139534883723
0.1316006578445036,1.5173,0,75,7,0.32558139534883723
0.09830494603047257,10.17,6,75,7,0.32558139534883723
0.145727940595339,1.51732,0,75,7,0.32558139534883723
0.1421989815141672,1.51711,0,75,7,0.32558139534883723
0.09306463528438247,10.06,6,75,7,0.32558139534883723
0.21492107748712375,2.72,2,75,7,0.32558139534883723
0.20022289436248417,1.4,3,75,7,0.32558139534883723
0.19043973321971563,1.51711,0,75,7,0.32558139534883723
0.06952179743129538,0.69,5,75,7,0.32558139534883723
0.22340117849333552,3.25,2,75,7,0.32558139534883723
0.07828583666713355,0.11,7,75,7,0.32558139534883723
0.1321205206402981,0.08,5,75,7,0.32558139534883723
0.0745926128330231,10.02,6,75,7,0.32558139534883723
0.2597032018898183,1.38,3,75,7,0.32558139534883723
0.35282235031183806,1.4,3,75,7,0.32558139534883723
0.2337399518961809,1.51711,0,75,7,0.32558139534883723
0.12005375283113917,0.0,5,75,7,0.32558139534883723
0.32933735335203895,2.76,2,75,7,0.32558139534883723
0.22032420985280182,1.4,3,75,7,0.32558139534883723
0.17516467159218918,1.51711,0,75,7,0.32558139534883723
0.08746657712148587,14.21,1,75,7,0.32558139534883723
0.08415219901196491,0.09,7,75,7,0.32558139534883723
0.08875999548762625,1.5173,0,75,7,0.32558139534883723
0.19003321114124,1.49,3,75,7,0.32558139534883723
0.08137741203939253,0.65,5,75,7,0.32558139534883723
0.1383368690430652,1.51711,0,75,7,0.32558139534883723
0.2696650943798127,2.72,2,75,7,0.32558139534883723
0.11173495028632452,0.04,5,75,7,0.32558139534883723
0.2165249758325768,1.4,3,75,7,0.32558139534883723
0.11185943953189814,1.51711,0,75,7,0.32558139534883723
0.29443522746051853,1.49,3,75,7,0.32558139534883723
0.1136073685181529,0.64,5,75,7,0.32558139534883723
0.08995194225655512,14.21,1,75,7,0.32558139534883723
0.2910329185860069,3.41,2,75,7,0.32558139534883723
0.08313797646734122,10.17,6,75,7,0.32558139534883723
0.09162553193798517,0.0,5,75,7,0.32558139534883723
0.10676824618973632,14.04,1,75,7,0.32558139534883723
0.19308553144199503,2.76,2,75,7,0.32558139534883723
0.08413118522256535,0.11,7,75,7,0.32558139534883723
0.09419266215318944,8.04,6,75,7,0.32558139534883723
0.1787463786564445,1.51711,0,75,7,0.32558139534883723
0.35601349469922566,1.4,3,75,7,0.32558139534883723
0.252282770290698,1.51711,0,75,7,0.32558139534883723
0.2244419000888741,2.85,2,75,7,0.32558139534883723
0.11599795826515691,0.08,5,75,7,0.32558139534883723
0.13362471689312883,1.51709,0,75,7,0.32558139534883723
0.051950866819360786,12.35,1,75,7,0.32558139534883723
0.21283364160153895,2.85,2,75,7,0.32558139534883723
0.16370950579143273,0.08,5,75,7,0.32558139534883723
0.1349750021510422,0.08,5,75,7,0.32558139534883723
0.23189954113508093,1.38,3,75,7,0.32558139534883723
0.22601173506920802,3.18,2,75,7,0.32558139534883723
0.14379960302004913,0.08,5,75,7,0.32558139534883723
0.18049202787004406,1.4,3,75,7,0.32558139534883723
0.20240725889817568,2.85,2,75,7,0.32558139534883723
0.24896367921755547,2.76,2,75,7,0.32558139534883723
0.2024072588981758,2.76,2,75,7,0.32558139534883723
0.13586259209455276,1.51709,0,75,7,0.32558139534883723
0.15012149149713727,2.72,2,75,7,0.32558139534883723
0.0852196948554208,0.09,7,75,7,0.32558139534883723
0.2488550458855708,1.4,3,75,7,0.32558139534883723
0.2552835766866344,2.76,2,75,7,0.32558139534883723
0.09942770186302391,0.0,8,75,7,0.32558139534883723
0.32179563051771953,3.25,2,75,7,0.32558139534883723
0.302974388225545,1.4,3,75,7,0.32558139534883723
0.08746657712148587,14.36,1,75,7,0.32558139534883723
0.1861244045554562,1.37,3,75,7,0.32558139534883723
0.07070712484403185,1.51709,0,75,7,0.32558139534883723
0.07481026254480239,0.0,5,75,7,0.32558139534883723
0.31746593116399024,1.38,3,75,7,0.32558139534883723
0.2809107568362145,1.4,3,75,13,0.3488372093023256
0.1990166234059284,1.51711,0,75,13,0.3488372093023256
0.08884448818800542,0.11,7,75,13,0.3488372093023256
0.18452548581079864,3.34,2,75,13,0.3488372093023256
0.2718998485483981,1.4,3,75,13,0.3488372093023256
0.11774174652570654,0.11,7,75,13,0.3488372093023256
0.16006095661444464,1.51711,0,75,13,0.3488372093023256
0.09372083544471799,1.51708,0,75,13,0.3488372093023256
0.13292922366215165,1.51711,0,75,13,0.3488372093023256
0.273589574731801,1.4,3,75,13,0.3488372093023256
0.06479639941205917,14.36,1,75,13,0.3488372093023256
0.18866270709875477,1.51711,0,75,13,0.3488372093023256
0.27436982374182806,1.4,3,75,13,0.3488372093023256
0.20562920546148478,2.76,2,75,13,0.3488372093023256
0.1005847896975196,0.11,7,75,13,0.3488372093023256
0.25053665878916154,3.18,2,75,13,0.3488372093023256
0.11155633070403836,1.51708,0,75,13,0.3488372093023256
0.2341176210782817,2.76,2,75,13,0.3488372093023256
0.28467311546205043,1.4,3,75,13,0.3488372093023256
0.10682295428911381,0.05,5,75,13,0.3488372093023256
0.3221919527665257,3.44,2,75,13,0.3488372093023256
0.1790210714482524,2.85,2,75,13,0.3488372093023256
0.10218405120097407,14.36,1,75,13,0.3488372093023256
0.0738921336275965,0.69,7,75,13,0.3488372093023256
0.2500216778713,1.4,3,75,13,0.3488372093023256
0.28850384989727285,2.76,2,75,13,0.3488372093023256
0.29041810255915124,1.38,3,75,13,0.3488372093023256
0.18957605433861657,1.51711,0,75,13,0.3488372093023256
0.057794349611857365,73.28,4,75,13,0.3488372093023256
0.06573146743991858,0.11,7,75,13,0.3488372093023256
0.11311645070386034,0.05,5,75,13,0.3488372093023256
0.2309554533768291,3.34,2,75,13,0.3488372093023256
0.21121035126450927,3.45,2,75,13,0.3488372093023256
0.06308894387137343,0.69,7,75,13,0.3488372093023256
0.18979813696337333,3.34,2,75,13,0.3488372093023256
0.12336564373504902,0.11,7,75,13,0.3488372093023256
0.2058624682961118,1.4,3,75,13,0.3488372093023256
0.23157052871150852,1.38,3,75,13,0.3488372093023256
0.15508062886045926,1.51711,0,75,13,0.3488372093023256
0.051928248550013545,73.28,4,75,13,0.3488372093023256
0.07666689670449356,14.36,1,75,13,0.3488372093023256
0.17575942978101788,1.51709,0,75,13,0.3488372093023256
0.2566223099517163,2.76,2,75,13,0.3488372093023256
0.09253795682878074,0.08,5,75,13,0.3488372093023256
0.1111664459582361,0.04,5,75,13,0.3488372093023256
0.34868879572266975,1.4,3,75,13,0.3488372093023256
0.3148168683046916,1.4,3,75,13,0.3488372093023256
0.24800053565924074,1.56,3,75,13,0.3488372093023256
0.17400028775946155,1.4,3,75,13,0.3488372093023256
0.1611848564749876,1.51709,0,75,13,0.3488372093023256
0.19529644083187547,1.36,3,75,13,0.3488372093023256
0.09642195401270148,0.11,7,75,13,0.3488372093023256
0.19649243690609952,1.51709,0,75,13,0.3488372093023256
0.3199876566340084,3.25,2,75,13,0.3488372093023256
0.30838700637156036,3.44,2,75,13,0.3488372093023256
0.2530526083924132,1.4,3,75,13,0.3488372093023256
0.23779497468066163,1.4,3,75,13,0.3488372093023256
0.05265535965079627,0.14,8,75,13,0.3488372093023256
0.3328892339705317,1.4,3,75,13,0.3488372093023256
0.22880945144647247,2.76,2,75,13,0.3488372093023256
0.257365781003857,2.76,2,75,13,0.3488372093023256
0.03584428411541529,71.36,4,75,13,0.3488372093023256
0.06741812954407411,14.21,1,75,13,0.3488372093023256
0.14378531160444974,1.51711,0,75,13,0.3488372093023256
0.09221425648603465,10.06,6,75,13,0.3488372093023256
0.06677265322969145,0.0,8,75,13,0.3488372093023256
0.29799277872220875,1.38,3,75,13,0.3488372093023256
0.08223303136097115,10.17,6,75,13,0.3488372093023256
0.12297768020592381,14.21,1,75,13,0.3488372093023256
0.15608072665209438,1.51689,0,75,13,0.3488372093023256
0.2599344797901011,1.38,3,75,13,0.3488372093023256
0.21611658288626878,1.38,3,75,13,0.3488372093023256
0.21546352934087445,1.38,3,75,13,0.3488372093023256
0.11057902237918538,0.11,7,75,13,0.3488372093023256
0.10724454395991911,14.21,1,75,13,0.3488372093023256
0.09926795235831559,0.0,7,100,1,0.46511627906976744
0.11767692840414379,0.11,7,100,1,0.46511627906976744
0.05750265217300088,73.39,4,100,1,0.46511627906976744
0.08988424571907438,10.17,6,100,1,0.46511627906976744
0.055853638044424433,0.09,7,100,1,0.46511627906976744
0.1189990585704006,0.09,7,100,1,0.46511627906976744
0.11672889707960765,0.0,5,100,1,0.46511627906976744
0.25696801313708095,3.34,2,100,1,0.46511627906976744
0.21965214854279114,3.25,2,100,1,0.46511627906976744
0.08786209118552435,0.11,7,100,1,0.46511627906976744
0.17400028775946152,1.51711,0,100,1,0.46511627906976744
0.22040559902086831,1.51732,0,100,1,0.46511627906976744
0.2199673198699611,3.34,2,100,1,0.46511627906976744
0.08987831237293076,1.5172700000000001,0,100,1,0.46511627906976744
0.13519469246316174,1.51711,0,100,1,0.46511627906976744
0.30452934563211487,1.49,3,100,1,0.46511627906976744
0.17884774266445658,1.51732,0,100,1,0.46511627906976744
0.21783298777528837,3.34,2,100,1,0.46511627906976744
0.22929184648599055,2.76,2,100,1,0.46511627906976744
0.3592616950432188,1.4,3,100,1,0.46511627906976744
0.11339222316176945,0.0,5,100,1,0.46511627906976744
0.27409661549085695,1.4,3,100,1,0.46511627906976744
0.2489701747654346,1.4,3,100,1,0.46511627906976744
0.25703648035822246,1.4,3,100,1,0.46511627906976744
0.26994005416537137,1.38,3,100,1,0.46511627906976744
0.11198039957601086,13.99,1,100,1,0.46511627906976744
0.1506523325655641,1.51732,0,100,1,0.46511627906976744
0.25870527532356136,1.4,3,100,1,0.46511627906976744
0.25706841567867966,3.2,2,100,1,0.46511627906976744
0.299952831437335,1.4,3,100,1,0.46511627906976744
0.23722846153347132,3.25,2,100,1,0.46511627906976744
0.06536076335728436,0.69,7,100,1,0.46511627906976744
0.15543174233492096,1.51709,0,100,1,0.46511627906976744
0.30225884179312534,1.4,3,100,1,0.46511627906976744
0.08818071201181965,10.06,6,100,1,0.46511627906976744
0.07750785170194152,0.11,7,100,1,0.46511627906976744
0.24311887745291458,1.4,3,100,1,0.46511627906976744
0.16971241320493002,1.69,3,100,1,0.46511627906976744
0.24493354838203896,2.76,2,100,1,0.46511627906976744
0.09769636100089052,14.21,1,100,1,0.46511627906976744
0.2797757319182663,1.37,3,100,1,0.46511627906976744
0.23732055008368425,3.43,2,100,1,0.46511627906976744
0.08043224744057154,10.06,6,100,1,0.46511627906976744
0.20756070364625134,2.76,2,100,1,0.46511627906976744
0.20106565311261815,2.76,2,100,1,0.46511627906976744
0.2949562371207832,2.76,2,100,1,0.46511627906976744
0.09164458843914794,14.04,1,100,1,0.46511627906976744
0.08718211926483432,72.01,4,100,1,0.46511627906976744
0.0738921336275965,0.0,5,100,1,0.46511627906976744
0.39900280765253154,1.4,3,100,1,0.46511627906976744
0.13955374296793222,0.0,7,100,1,0.46511627906976744
0.08613031612488697,10.06,6,100,1,0.46511627906976744
0.2584717061802316,1.4,3,100,1,0.46511627906976744
0.23151012160709183,1.38,3,100,1,0.46511627906976744
0.10711105172331181,0.11,7,100,1,0.46511627906976744
0.206290558860801,1.38,3,100,1,0.46511627906976744
0.2311711007654559,1.38,3,100,1,0.46511627906976744
0.26946356853392694,1.4,3,100,1,0.46511627906976744
0.19083252558005231,1.38,3,100,1,0.46511627906976744
0.08271528629943736,14.21,1,100,1,0.46511627906976744
0.18768084695835963,3.41,2,100,1,0.46511627906976744
0.12734849287979177,1.69,3,100,1,0.46511627906976744
0.3051585985360449,1.37,3,100,1,0.46511627906976744
0.26796178038074825,1.38,3,100,1,0.46511627906976744
0.13864140535092306,1.51711,0,100,1,0.46511627906976744
0.3345222973994166,1.4,3,100,1,0.46511627906976744
0.06068924937521036,9.85,6,100,1,0.46511627906976744
0.15186520197058118,1.51711,0,100,1,0.46511627906976744
0.1864496400637522,3.25,2,100,1,0.46511627906976744
0.25974133741369587,3.34,2,100,1,0.46511627906976744
0.2500216778713,1.4,3,100,1,0.46511627906976744
0.12326831799472293,0.0,7,100,1,0.46511627906976744
0.21159185398697458,1.4,3,100,1,0.46511627906976744
0.37014893757921746,1.4,3,100,1,0.46511627906976744
0.1836706152754768,1.51711,0,100,1,0.46511627906976744
0.1677607900354081,3.41,2,100,1,0.46511627906976744
0.08385490859363032,12.84,1,100,1,0.46511627906976744
0.1802951050356214,0.08,5,100,1,0.46511627906976744
0.31764181682275344,1.4,3,100,1,0.46511627906976744
0.09221425648603465,10.17,6,100,1,0.46511627906976744
0.20100405102422597,1.38,3,100,1,0.46511627906976744
0.3643798214493522,1.4,3,100,1,0.46511627906976744
0.40357061182552967,1.4,3,100,1,0.46511627906976744
0.14238996478071375,1.51732,0,100,1,0.46511627906976744
0.2132644914007774,2.76,2,100,1,0.46511627906976744
0.150785136177378,0.08,5,100,1,0.46511627906976744
0.1790210714482524,2.76,2,100,1,0.46511627906976744
0.21887751350265516,1.37,3,100,1,0.46511627906976744
0.22979199157050967,3.25,2,100,1,0.46511627906976744
0.1365065034981887,1.51711,0,100,1,0.46511627906976744
0.1454177567845929,1.51732,0,100,1,0.46511627906976744
0.1779050276873283,2.68,2,100,1,0.46511627906976744
0.13282328223006634,0.1,5,100,1,0.46511627906976744
0.08095296218689074,10.17,6,100,1,0.46511627906976744
0.36836085192310586,1.38,3,100,1,0.46511627906976744
0.2965353674769146,1.36,3,100,1,0.46511627906976744
0.06286884476670729,14.21,1,100,1,0.46511627906976744
0.10516976842202275,0.11,7,100,1,0.46511627906976744
0.2126257169311585,3.34,2,100,1,0.46511627906976744
0.07837559719021059,0.04,5,100,1,0.46511627906976744
0.19655527311933463,2.76,2,100,3,0.5348837209302325
0.2774211308033452,3.25,2,100,3,0.5348837209302325
0.2081623909189484,3.34,2,100,3,0.5348837209302325
0.08442715905376272,0.11,7,100,3,0.5348837209302325
0.19308553144199503,2.76,2,100,3,0.5348837209302325
0.05707704765069859,73.29,4,100,3,0.5348837209302325
0.10229486074993632,0.08,5,100,3,0.5348837209302325
0.3393205717135568,1.4,3,100,3,0.5348837209302325
0.15587121314118402,1.51711,0,100,3,0.5348837209302325
0.24180463006575714,3.41,2,100,3,0.5348837209302325
0.3090666201754323,3.41,2,100,3,0.5348837209302325
0.21730257756047433,2.41,2,100,3,0.5348837209302325
0.12045845808338451,14.21,1,100,3,0.5348837209302325
0.1991397345001792,1.51732,0,100,3,0.5348837209302325
0.24901697112808038,1.4,3,100,3,0.5348837209302325
0.14085758262078274,1.51711,0,100,3,0.5348837209302325
0.10284827797074902,0.09,7,100,3,0.5348837209302325
0.16179315681996875,1.51711,0,100,3,0.5348837209302325
0.3828834324121307,1.38,3,100,3,0.5348837209302325
0.188208297330619,1.4,3,100,3,0.5348837209302325
0.06271934291646875,1.51709,0,100,3,0.5348837209302325
0.17019662822996284,2.76,2,100,3,0.5348837209302325
0.22034240609191458,3.2,2,100,3,0.5348837209302325
0.08061261724939589,13.3,1,100,3,0.5348837209302325
0.23650004043706438,1.38,3,100,3,0.5348837209302325
0.17017158890479356,2.72,2,100,3,0.5348837209302325
0.24431423763051052,3.34,2,100,3,0.5348837209302325
0.0920620003517314,10.17,6,100,3,0.5348837209302325
0.1800905347500397,1.4,3,100,3,0.5348837209302325
0.1193032741746306,0.05,5,100,3,0.5348837209302325
0.3053073342104403,1.4,3,100,3,0.5348837209302325
0.2103446451909436,1.4,3,100,3,0.5348837209302325
0.2907884083135276,3.25,2,100,3,0.5348837209302325
0.10473771480895688,8.41,6,100,3,0.5348837209302325
0.05382974138567191,0.11,7,100,3,0.5348837209302325
0.26753771705880053,1.4,3,100,3,0.5348837209302325
0.10586745080090287,1.51711,0,100,3,0.5348837209302325
0.05730634700364623,1.51709,0,100,3,0.5348837209302325
0.10162037781950783,10.06,6,100,3,0.5348837209302325
0.07905925562399703,13.81,1,100,3,0.5348837209302325
0.2000664002929648,1.4,3,100,3,0.5348837209302325
0.09419266215318944,0.05,5,100,3,0.5348837209302325
0.2623416233883712,1.4,3,100,3,0.5348837209302325
0.21492107748712397,2.76,2,100,3,0.5348837209302325
0.24055543164138934,1.4,3,100,3,0.5348837209302325
0.21759339525418175,1.4,3,100,3,0.5348837209302325
0.0852196948554208,0.0,7,100,3,0.5348837209302325
0.062045244771021024,10.17,6,100,3,0.5348837209302325
0.2400787304576507,2.76,2,100,3,0.5348837209302325
0.12326831799472293,0.08,5,100,3,0.5348837209302325
0.295261677561919,2.68,2,100,3,0.5348837209302325
0.30000800354084256,1.37,3,100,3,0.5348837209302325
0.05396302182607782,0.0,5,100,3,0.5348837209302325
0.3003839600736816,1.37,3,100,3,0.5348837209302325
0.22880945144647236,2.72,2,100,3,0.5348837209302325
0.08105738536387708,0.67,5,100,3,0.5348837209302325
0.23319156706597677,3.25,2,100,3,0.5348837209302325
0.2740521894804505,2.76,2,100,3,0.5348837209302325
0.10972013680954884,0.08,5,100,3,0.5348837209302325
0.10039230131907984,0.04,5,100,3,0.5348837209302325
0.1736694686827469,3.25,2,100,3,0.5348837209302325
0.08015838638052752,14.21,1,100,3,0.5348837209302325
0.23236371686585455,2.76,2,100,3,0.5348837209302325
0.2920136206053727,3.41,2,100,3,0.5348837209302325
0.10575077629901708,13.21,1,100,3,0.5348837209302325
0.08919519144655716,0.0,7,100,3,0.5348837209302325
0.2628783647183267,2.85,2,100,3,0.5348837209302325
0.09690719216890542,14.04,1,100,3,0.5348837209302325
0.1782002628635878,3.25,2,100,3,0.5348837209302325
0.08946478244339329,14.36,1,100,3,0.5348837209302325
0.20756070364625123,1.56,3,100,3,0.5348837209302325
0.24690140050026163,1.4,3,100,3,0.5348837209302325
0.20870443990325582,1.38,3,100,3,0.5348837209302325
0.23456209419709056,1.4,3,100,3,0.5348837209302325
0.23325302005278647,3.47,2,100,3,0.5348837209302325
0.2755480011514677,1.38,3,100,3,0.5348837209302325
0.2942581504696614,1.36,3,100,3,0.5348837209302325
0.15404202291230173,1.51711,0,100,3,0.5348837209302325
0.301975246501939,1.4,3,100,3,0.5348837209302325
0.08818071201181965,0.0,5,100,3,0.5348837209302325
0.10020773557597829,13.64,1,100,3,0.5348837209302325
0.2516291673878229,2.68,2,100,3,0.5348837209302325
0.2637071958356787,1.4,3,100,3,0.5348837209302325
0.08377637427948303,0.0,5,100,3,0.5348837209302325
0.19746115727031935,1.38,3,100,3,0.5348837209302325
0.08874575257345034,0.09,7,100,3,0.5348837209302325
0.08746657712148587,10.17,6,100,3,0.5348837209302325
0.07413084469055187,1.5173,0,100,3,0.5348837209302325
0.11288757533022376,0.08,5,100,3,0.5348837209302325
0.19717258156601314,1.4,3,100,3,0.5348837209302325
0.3077646935776102,1.49,3,100,3,0.5348837209302325
0.19350916926224626,1.56,3,100,3,0.5348837209302325
0.21695385737099668,1.38,3,100,3,0.5348837209302325
0.06837919422626537,10.17,6,100,3,0.5348837209302325
0.25677700296416184,3.34,2,100,3,0.5348837209302325
0.18331827431224157,1.51732,0,100,3,0.5348837209302325
0.21849161095356318,2.72,2,100,3,0.5348837209302325
0.2722425201681282,2.68,2,100,3,0.5348837209302325
0.31764181682275344,1.36,3,100,3,0.5348837209302325
0.09623899607321951,0.0,5,100,3,0.5348837209302325
0.07586253611584004,0.08,5,100,7,0.37209302325581395
0.1409234008672824,8.41,6,100,7,0.37209302325581395
0.4085228699585489,1.4,3,100,7,0.37209302325581395
0.17644610235756095,1.4,3,100,7,0.37209302325581395
0.116909766479664,0.08,5,100,7,0.37209302325581395
0.2584717061802316,1.38,3,100,7,0.37209302325581395
0.2911230555624046,3.34,2,100,7,0.37209302325581395
0.31393927150954026,1.38,3,100,7,0.37209302325581395
0.1994527969578436,1.4,3,100,7,0.37209302325581395
0.2184658300180622,3.25,2,100,7,0.37209302325581395
0.07969721361840887,0.0,5,100,7,0.37209302325581395
0.10580746924313789,0.08,5,100,7,0.37209302325581395
0.1402262212426577,0.08,5,100,7,0.37209302325581395
0.15544675531055652,0.08,5,100,7,0.37209302325581395
0.22090426118516046,1.4,3,100,7,0.37209302325581395
0.1708296768437682,1.4,3,100,7,0.37209302325581395
0.12411619250157047,1.51711,0,100,7,0.37209302325581395
0.1410650526724826,1.51711,0,100,7,0.37209302325581395
0.20562920546148467,2.85,2,100,7,0.37209302325581395
0.1112152638420868,0.08,5,100,7,0.37209302325581395
0.28245375348840485,1.4,3,100,7,0.37209302325581395
0.14306184726502202,1.51711,0,100,7,0.37209302325581395
0.11744544298856663,1.51709,0,100,7,0.37209302325581395
0.14623033909916872,1.69,3,100,7,0.37209302325581395
0.05984757047103262,10.17,6,100,7,0.37209302325581395
0.09093857666081784,0.05,5,100,7,0.37209302325581395
0.09823426759652987,14.21,1,100,7,0.37209302325581395
0.09100737329086203,0.11,7,100,7,0.37209302325581395
0.10743308198261003,8.03,6,100,7,0.37209302325581395
0.19485224663577871,2.76,2,100,7,0.37209302325581395
0.21353613486821066,3.34,2,100,7,0.37209302325581395
0.0637710139800125,1.5173,0,100,7,0.37209302325581395
0.14054857906044127,1.51711,0,100,7,0.37209302325581395
0.11499010097297169,1.51709,0,100,7,0.37209302325581395
0.31450957974689586,1.4,3,100,7,0.37209302325581395
0.276665375574182,3.34,2,100,7,0.37209302325581395
0.20930435198244302,3.25,2,100,7,0.37209302325581395
0.23924790224280126,1.4,3,100,7,0.37209302325581395
0.1884405710338621,1.4,3,100,7,0.37209302325581395
0.1046544278737721,0.11,7,100,7,0.37209302325581395
0.21869204700673472,3.41,2,100,7,0.37209302325581395
0.3277738180377241,3.25,2,100,7,0.37209302325581395
0.152315375167985,1.51732,0,100,7,0.37209302325581395
0.0992512934806935,1.51711,0,100,7,0.37209302325581395
0.09854226501399843,14.21,1,100,7,0.37209302325581395
0.11133015808624436,0.05,5,100,7,0.37209302325581395
0.30489127669527105,3.41,2,100,7,0.37209302325581395
0.07618445480954561,10.17,6,100,7,0.37209302325581395
0.18311397923228445,2.72,2,100,7,0.37209302325581395
0.1415679627801839,1.51711,0,100,7,0.37209302325581395
0.09854226501399843,0.11,7,100,7,0.37209302325581395
0.06837919422626537,0.11,7,100,7,0.37209302325581395
0.11914810219724703,1.51709,0,100,7,0.37209302325581395
0.15934961288266192,1.51732,0,100,7,0.37209302325581395
0.25564869036536586,1.4,3,100,7,0.37209302325581395
0.23313126878826476,1.4,3,100,7,0.37209302325581395
0.34246081930047584,1.4,3,100,7,0.37209302325581395
0.08995194225655512,14.21,1,100,7,0.37209302325581395
0.30211103920373306,3.15,2,100,7,0.37209302325581395
0.22085233537744087,1.49,3,100,7,0.37209302325581395
0.1535818996424667,0.08,5,100,7,0.37209302325581395
0.28759151510239134,2.41,2,100,7,0.37209302325581395
0.2386289465386556,1.36,3,100,7,0.37209302325581395
0.12614395172367387,1.51732,0,100,7,0.37209302325581395
0.19988999508646954,3.41,2,100,7,0.37209302325581395
0.23666815030725288,1.4,3,100,7,0.37209302325581395
0.11774174652570654,13.99,1,100,7,0.37209302325581395
0.24802929175630878,1.4,3,100,7,0.37209302325581395
0.21947694392481365,3.25,2,100,7,0.37209302325581395
0.13315799774160375,1.51711,0,100,7,0.37209302325581395
0.19577483900866766,2.76,2,100,7,0.37209302325581395
0.2187411988806346,1.51709,0,100,7,0.37209302325581395
0.3155592125604611,1.4,3,100,7,0.37209302325581395
0.34534359292520267,1.4,3,100,7,0.37209302325581395
0.14237848943115283,0.08,5,100,7,0.37209302325581395
0.264268145770827,1.38,3,100,7,0.37209302325581395
0.2859041530264266,1.38,3,100,7,0.37209302325581395
0.23455593268186037,2.76,2,100,7,0.37209302325581395
0.09142717162730951,1.51711,0,100,7,0.37209302325581395
0.10969638705467621,0.0,5,100,7,0.37209302325581395
0.10701652795105332,73.27,4,100,7,0.37209302325581395
0.19145662512391975,1.49,3,100,7,0.37209302325581395
0.25141590275674686,3.25,2,100,7,0.37209302325581395
0.10284827797074902,0.0,5,100,7,0.37209302325581395
0.18772252974364428,1.37,3,100,7,0.37209302325581395
0.06760148376495945,14.36,1,100,7,0.37209302325581395
0.1169558948316265,0.08,5,100,7,0.37209302325581395
0.10503489217390027,0.11,7,100,7,0.37209302325581395
0.3053788132568333,1.4,3,100,7,0.37209302325581395
0.10642677064248363,0.0,5,100,7,0.37209302325581395
0.251443888788076,3.41,2,100,7,0.37209302325581395
0.22181824030488884,2.68,2,100,7,0.37209302325581395
0.15069980663696414,0.11,7,100,7,0.37209302325581395
0.20320232903394098,2.72,2,100,7,0.37209302325581395
0.20813275945868104,2.76,2,100,7,0.37209302325581395
0.23390237953001874,1.38,3,100,7,0.37209302325581395
0.2467988157327619,1.4,3,100,7,0.37209302325581395
0.07227246397800291,10.17,6,100,7,0.37209302325581395
0.16609603535817363,2.68,2,100,7,0.37209302325581395
0.12548103296138124,0.65,5,100,7,0.37209302325581395
0.2959513829817559,1.38,3,100,13,0.3488372093023256
0.1153810797550795,1.51711,0,100,13,0.3488372093023256
0.19719365959549484,2.85,2,100,13,0.3488372093023256
0.24896367921755547,2.85,2,100,13,0.3488372093023256
0.27362382355996356,1.4,3,100,13,0.3488372093023256
0.16764026509452667,1.51732,0,100,13,0.3488372093023256
0.27233499903800074,1.4,3,100,13,0.3488372093023256
0.22501203072538023,1.4,3,100,13,0.3488372093023256
0.262355559633927,2.76,2,100,13,0.3488372093023256
0.3336303884763391,3.34,2,100,13,0.3488372093023256
0.10042876292892045,1.5173,0,100,13,0.3488372093023256
0.07301646879917456,73.39,4,100,13,0.3488372093023256
0.07869358550835459,0.08,5,100,13,0.3488372093023256
0.22619670318063512,1.4,3,100,13,0.3488372093023256
0.08276165902545707,0.08,5,100,13,0.3488372093023256
0.07338983023923507,0.0,5,100,13,0.3488372093023256
0.24982108693088034,1.4,3,100,13,0.3488372093023256
0.10886609427836824,0.11,7,100,13,0.3488372093023256
0.17054244960663767,1.69,3,100,13,0.3488372093023256
0.08995194225655512,14.36,1,100,13,0.3488372093023256
0.2609513305657741,1.38,3,100,13,0.3488372093023256
0.29274365680371495,1.4,3,100,13,0.3488372093023256
0.12891477089395864,0.0,5,100,13,0.3488372093023256
0.21845655464015568,2.76,2,100,13,0.3488372093023256
0.14442172048157131,1.51711,0,100,13,0.3488372093023256
0.19461469069196857,1.51732,0,100,13,0.3488372093023256
0.24100034019468003,1.4,3,100,13,0.3488372093023256
0.16596047589852458,1.51709,0,100,13,0.3488372093023256
0.26325173839695837,2.85,2,100,13,0.3488372093023256
0.1991397345001792,3.41,2,100,13,0.3488372093023256
0.1111664459582361,0.08,5,100,13,0.3488372093023256
0.22909284415699885,1.38,3,100,13,0.3488372093023256
0.22028668457202727,2.39,2,100,13,0.3488372093023256
0.2332229645386196,1.4,3,100,13,0.3488372093023256
0.32294429391776325,1.4,3,100,13,0.3488372093023256
0.10297060519853668,13.53,1,100,13,0.3488372093023256
0.09841630095276852,0.09,7,100,13,0.3488372093023256
0.0706461043622677,14.36,1,100,13,0.3488372093023256
0.060140228382242866,8.32,6,100,13,0.3488372093023256
0.2219979458681158,1.38,3,100,13,0.3488372093023256
0.23325302005278647,1.51732,0,100,13,0.3488372093023256
0.17091783237531566,1.5173,0,100,13,0.3488372093023256
0.2279364613646242,2.76,2,100,13,0.3488372093023256
0.09316963374503995,0.0,5,100,13,0.3488372093023256
0.30096217899797717,3.2,2,100,13,0.3488372093023256
0.07861340758862247,0.11,7,100,13,0.3488372093023256
0.1419077370676206,0.05,5,100,13,0.3488372093023256
0.1981182046039256,1.51711,0,100,13,0.3488372093023256
0.1827705275677014,2.76,2,100,13,0.3488372093023256
0.10048073929400336,0.0,5,100,13,0.3488372093023256
0.1864634740256778,1.4,3,100,13,0.3488372093023256
0.24932607539690255,2.76,2,100,13,0.3488372093023256
0.1980717439495251,2.85,2,100,13,0.3488372093023256
0.0749932155254821,0.08,5,100,13,0.3488372093023256
0.19769008882274153,2.76,2,100,13,0.3488372093023256
0.22765826546709944,3.34,2,100,13,0.3488372093023256
0.27479612754990534,3.45,2,100,13,0.3488372093023256
0.2569482346219745,3.47,2,100,13,0.3488372093023256
0.3255833623862753,3.25,2,100,13,0.3488372093023256
0.11133015808624436,0.09,7,100,13,0.3488372093023256
0.12391368146343018,1.51709,0,100,13,0.3488372093023256
0.35105058184803656,1.4,3,100,13,0.3488372093023256
0.20244348315227167,3.34,2,100,13,0.3488372093023256
0.2629864748546654,3.34,2,100,13,0.3488372093023256
0.2552683196734442,3.41,2,100,13,0.3488372093023256
0.28941333639553,3.25,2,100,13,0.3488372093023256
0.10735706514063492,14.21,1,100,13,0.3488372093023256
0.08872851322341868,14.36,1,100,13,0.3488372093023256
0.2532290176137193,1.37,3,100,13,0.3488372093023256
0.09638447845584805,0.0,7,100,13,0.3488372093023256
0.18619615923798483,1.49,3,100,13,0.3488372093023256
0.2674537072856219,1.4,3,100,13,0.3488372093023256
0.31614867501725896,3.34,2,100,13,0.3488372093023256
0.049805996444063694,14.36,1,100,13,0.3488372093023256
0.2717238547417115,1.49,3,100,13,0.3488372093023256
0.24100034019468003,1.4,3,100,13,0.3488372093023256
0.2017861412548752,1.4,3,100,13,0.3488372093023256
0.09224454538054727,10.06,6,100,13,0.3488372093023256
0.26347573920533685,2.76,2,100,13,0.3488372093023256
0.27563470195815787,2.76,2,100,13,0.3488372093023256
0.1227336804260393,13.69,1,100,13,0.3488372093023256
0.13718691342264333,0.11,7,100,13,0.3488372093023256
0.15723494853818143,0.09,7,100,13,0.3488372093023256
0.11826952869086071,0.11,7,100,13,0.3488372093023256
0.1921957989503277,1.38,3,100,13,0.3488372093023256
0.07790809525949005,10.06,6,100,13,0.3488372093023256
0.11911615055187885,14.21,1,100,13,0.3488372093023256
0.10231208123662372,0.05,5,100,13,0.3488372093023256
0.13934592113644784,1.51711,0,100,13,0.3488372093023256
0.1111895341059036,0.08,5,100,13,0.3488372093023256
0.21024723036639903,2.76,2,100,13,0.3488372093023256
0.10352014396460606,13.89,1,100,13,0.3488372093023256
0.06479639941205917,14.36,1,100,13,0.3488372093023256
0.21317620862656472,3.44,2,100,13,0.3488372093023256
0.06997477033969635,0.08,5,100,13,0.3488372093023256
0.07317167480273615,0.09,7,100,13,0.3488372093023256
0.21816810253646102,2.76,2,100,13,0.3488372093023256
0.2798520091779386,1.4,3,100,13,0.3488372093023256
0.15338098271910194,1.51711,0,100,13,0.3488372093023256
0.2758393087804679,1.4,3,100,13,0.3488372093023256
